Day,Phase,Topic,Description,Resources,Status,Notes,Completion Date
Day 1,MERN Basics,JavaScript Fundamentals - Variables, data types, operators,"Learn JavaScript basics: variable declarations (var, let, const), data types (string, number, boolean, null, undefined), operators (arithmetic, comparison, logical), and basic syntax.",https://developer.mozilla.org/en-US/docs/Web/JavaScript/Guide/Grammar_and_types,Not Started,,
Day 2,MERN Basics,JavaScript Fundamentals - Conditionals, loops, functions,"Control flow: if/else statements, switch, for/while loops, function declarations and expressions, parameters, return values, scope.",https://developer.mozilla.org/en-US/docs/Web/JavaScript/Guide/Control_flow_and_error_handling,Not Started,,
Day 3,MERN Basics,JavaScript Intermediate - Arrays, objects, DOM basics,"Working with arrays (methods like push, pop, map, filter), objects (properties, methods), and basic DOM manipulation (selecting elements, changing content).",https://developer.mozilla.org/en-US/docs/Learn/JavaScript/First_steps/What_is_JavaScript,Not Started,,
Day 4,MERN Basics,JavaScript Intermediate - Events, ES6+ features,"Event handling (click, input, etc.), ES6+ features: arrow functions, template literals, destructuring, spread/rest operators, modules.",https://developer.mozilla.org/en-US/docs/Learn/JavaScript/Building_blocks/Events,Not Started,,
Day 5,MERN Basics,Node.js Basics - Runtime, npm, modules, file system,"Understanding Node.js runtime, npm package management, CommonJS/ES modules, file system operations (read/write files, directories).",https://nodejs.org/en/learn/getting-started/introduction-to-nodejs,Not Started,,
Day 6,MERN Basics,Node.js Basics - Creating HTTP servers, networking,"Building HTTP servers with http module, handling requests/responses, routing basics, working with JSON data.",https://nodejs.org/en/learn/getting-started/an-introduction-to-the-nodejs-http-api,Not Started,,
Day 7,MERN Basics,Express.js - Routing, middleware, request/response handling,"Setting up Express, defining routes, using middleware (body-parser, cors), handling different HTTP methods, request/query parameters.",https://expressjs.com/en/starter/basic-routing.html,Not Started,,
Day 8,MERN Basics,Express.js - REST API principles, building CRUD API,"RESTful API design principles, building complete CRUD operations (Create, Read, Update, Delete) for a resource, status codes, error handling.",https://www.youtube.com/watch?v=7TdslvadingPI,Not Started,,
Day 9,MERN Basics,MongoDB Basics - NoSQL concepts, document structure, CRUD,"Understanding NoSQL vs SQL, MongoDB document model, collections, basic CRUD operations using MongoDB shell or Compass.",https://www.mongodb.com/docs/manual/introduction/,Not Started,,
Day 10,MERN Basics,MongoDB Basics - Mongoose ODM, connecting to Atlas,"Using Mongoose ODM for MongoDB in Node.js, defining schemas, models, validation, connecting to MongoDB Atlas cloud database.",https://mongoosejs.com/docs/guide.html,Not Started,,
Day 11,MERN Basics,React Fundamentals - Components, JSX, props, state,"Introduction to React, functional components, JSX syntax, passing props, managing local state with useState hook.",https://react.dev/learn,Not Started,,
Day 12,MERN Basics,React Fundamentals - Hooks (useState, useEffect), building frontend,"Using useEffect for side effects, fetching data from APIs, building a simple frontend that consumes your Express/MongoDB API.",https://react.dev/reference/react/useEffect,Not Started,,
Day 13,Coursera Courses,HTML, CSS, and JavaScript for Web Developers (Johns Hopkins),"Coursera course covering HTML5, CSS3, and JavaScript fundamentals for building interactive websites.",https://www.coursera.org/learn/html-css-javascript-for-web-developers,Not Started,,
Day 14,Coursera Courses,HTML, CSS, and JavaScript for Web Developers (Johns Hopkins) - Continued,"Continuing the Johns Hopkins course, focusing on practical projects and assessments.",https://www.coursera.org/learn/html-css-javascript-for-web-developers,Not Started,,
Day 15,Coursera Courses,Programming Foundations with JavaScript, HTML and CSS (Duke),"Duke University course covering programming fundamentals using JavaScript, HTML, and CSS.",https://www.coursera.org/learn/programming-foundations-javascript-html-css,Not Started,,
Day 16,Coursera Courses,Programming Foundations with JavaScript, HTML and CSS (Duke) - Continued,"Continuing the Duke course, focusing on problem-solving and algorithmic thinking.",https://www.coursera.org/learn/programming-foundations-javascript-html-css,Not Started,,
Day 17,Coursera Courses,Python for Everybody - Data structures, OOP, file handling,"Selected modules from Python for Everybody specialization focusing on data structures (lists, dictionaries), object-oriented programming, and file handling operations.",https://www.coursera.org/specializations/python,Not Started,,
Day 18,RAG/VectorDB/Langchain,Embeddings and vector databases overview,"Understanding text embeddings, vector databases (Pinecone, Weaviate, ChromaDB), similarity search, and how they enable semantic search.",https://www.youtube.com/watch?v=5fJ2qdiD5uE,Not Started,,
Day 19,RAG/VectorDB/Langchain,Langchain basics - chains, agents, memory,"Introduction to Langchain framework: LLMs, prompts, chains (LLMChain, SequentialChain), agents, and memory components.",https://www.youtube.com/watch?v=kuXOuAO-B3A,Not Started,,
Day 20,RAG/VectorDB/Langchain,Building RAG pipelines with document loaders,"Creating Retrieval-Augmented Generation systems: loading documents (PDF, text), splitting text, creating embeddings, storing in vector DB, retrieving context.",https://www.youtube.com/watch?v=-VCUNGoamH4,Not Started,,
Day 21,RAG/VectorDB/Langchain,Advanced retrieval techniques and reranking,"Advanced RAG techniques: different retrieval strategies (similarity, MMR), reranking with cross-encoders, hybrid search, query transformation.",https://www.youtube.com/watch?v=8rXD5-xhemo,Not Started,,
Day 22,RAG/VectorDB/Langchain,Capstone project - Q&A system over personal documents,"Building a complete question-answering system over your own documents using Langchain and a vector database, integrating all learned concepts.",https://www.youtube.com/watch?v=oBou9NCp12A,Not Started,,